symbol,unlock_date,category,unlock_pct_supply,day_offset,date,open,close,volume,quote_volume
ARB,2024-03-16,VC,11.1,-7,2024-03-09,2.1336,2.0962,67668912.3,143839869.25974
ARB,2024-03-16,VC,11.1,-6,2024-03-10,2.0962,2.068,87583497.1,181255513.42993
ARB,2024-03-16,VC,11.1,-5,2024-03-11,2.0679,2.083,108623349.2,224372598.27352
ARB,2024-03-16,VC,11.1,-4,2024-03-12,2.0831,2.0173,102885481.9,206339582.0339
ARB,2024-03-16,VC,11.1,-3,2024-03-13,2.0175,2.1152,168992357.0,362165662.841
ARB,2024-03-16,VC,11.1,-2,2024-03-14,2.1153,2.0155,132983062.4,269195030.84986
ARB,2024-03-16,VC,11.1,-1,2024-03-15,2.0156,1.8879,135415738.5,256732147.60657
ARB,2024-03-16,VC,11.1,0,2024-03-16,1.8882,1.7566,175292131.7,324569103.8667
ARB,2024-03-16,VC,11.1,1,2024-03-17,1.7565,1.7363,144456137.2,247255418.93204
ARB,2024-03-16,VC,11.1,2,2024-03-18,1.7364,1.6232,179355757.9,299482544.17366
ARB,2024-03-16,VC,11.1,3,2024-03-19,1.6231,1.6247,295931377.0,466173354.10298
ARB,2024-03-16,VC,11.1,4,2024-03-20,1.6247,1.7458,244878049.9,405988865.07452
ARB,2024-03-16,VC,11.1,5,2024-03-21,1.7458,1.6843,149134786.4,259206258.90802
ARB,2024-03-16,VC,11.1,6,2024-03-22,1.6842,1.6041,107584385.5,174630490.69258
ARB,2024-03-16,VC,11.1,7,2024-03-23,1.6043,1.5952,68251292.6,110139150.26603
ARB,2024-04-16,VC,0.925,-7,2024-04-09,1.5695,1.4841,78145126.8,120664818.71877
ARB,2024-04-16,VC,0.925,-6,2024-04-10,1.4839,1.4662,62140670.8,90756681.5648
ARB,2024-04-16,VC,0.925,-5,2024-04-11,1.4665,1.4183,41790730.4,60339884.8131
ARB,2024-04-16,VC,0.925,-4,2024-04-12,1.4184,1.1737,205548273.4,246575061.77024
ARB,2024-04-16,VC,0.925,-3,2024-04-13,1.1737,1.0314,288973969.5,301580661.47904
ARB,2024-04-16,VC,0.925,-2,2024-04-14,1.0313,1.1795,207110317.3,228453406.4032
ARB,2024-04-16,VC,0.925,-1,2024-04-15,1.1796,1.1526,131614095.6,157291810.5187
ARB,2024-04-16,VC,0.925,0,2024-04-16,1.1527,1.154,94535939.9,106774935.64727
ARB,2024-04-16,VC,0.925,1,2024-04-17,1.1541,1.1059,63633586.2,71388253.5142
ARB,2024-04-16,VC,0.925,2,2024-04-18,1.1059,1.1383,56475058.6,63863134.34516
ARB,2024-04-16,VC,0.925,3,2024-04-19,1.1385,1.1196,87265793.4,97910646.92917
ARB,2024-04-16,VC,0.925,4,2024-04-20,1.1195,1.2158,44790317.6,51958284.15792
ARB,2024-04-16,VC,0.925,5,2024-04-21,1.2157,1.1894,37305469.7,44735806.79068
ARB,2024-04-16,VC,0.925,6,2024-04-22,1.1894,1.2092,43770837.5,53022327.47936
ARB,2024-04-16,VC,0.925,7,2024-04-23,1.209,1.179,37272305.3,44305523.23167
ARB,2024-05-16,VC,0.925,-7,2024-05-09,1.0282,1.0411,67459602.0,69023819.64693
ARB,2024-05-16,VC,0.925,-6,2024-05-10,1.0412,0.9952,79373667.0,80682425.69022
ARB,2024-05-16,VC,0.925,-5,2024-05-11,0.9952,1.0005,43364616.7,43411247.35983
ARB,2024-05-16,VC,0.925,-4,2024-05-12,1.0006,0.9972,24209101.4,24238145.11834
ARB,2024-05-16,VC,0.925,-3,2024-05-13,0.9973,0.9818,75540267.1,74231868.82657
ARB,2024-05-16,VC,0.925,-2,2024-05-14,0.9817,0.9352,80498255.3,77479263.0429
ARB,2024-05-16,VC,0.925,-1,2024-05-15,0.9353,0.9936,73125772.2,70287813.17654
ARB,2024-05-16,VC,0.925,0,2024-05-16,0.9936,0.9715,67587927.2,65918107.43784
ARB,2024-05-16,VC,0.925,1,2024-05-17,0.9715,1.0306,96200440.8,98482270.81812
ARB,2024-05-16,VC,0.925,2,2024-05-18,1.0306,1.0179,49659164.6,50626497.01799
ARB,2024-05-16,VC,0.925,3,2024-05-19,1.0179,0.9716,51151626.7,50766790.54068
ARB,2024-05-16,VC,0.925,4,2024-05-20,0.9715,1.1269,156670286.8,161914669.37787
ARB,2024-05-16,VC,0.925,5,2024-05-21,1.1268,1.2034,217997131.9,257069532.45395
ARB,2024-05-16,VC,0.925,6,2024-05-22,1.2031,1.1413,125794672.0,144551539.48707
ARB,2024-05-16,VC,0.925,7,2024-05-23,1.1415,1.2031,275748806.4,328915019.79609
ARB,2024-06-16,VC,0.925,-7,2024-06-09,0.9678,0.9793,35226618.1,34377348.99562
ARB,2024-06-16,VC,0.925,-6,2024-06-10,0.9794,0.9599,37111019.3,35799444.21146
ARB,2024-06-16,VC,0.925,-5,2024-06-11,0.9599,0.9378,83432868.6,78136836.71798
ARB,2024-06-16,VC,0.925,-4,2024-06-12,0.9377,0.9732,68230193.2,65804460.71784
ARB,2024-06-16,VC,0.925,-3,2024-06-13,0.9732,0.9366,57944840.8,54674081.73449
ARB,2024-06-16,VC,0.925,-2,2024-06-14,0.9369,0.9123,67155729.0,61626888.20829
ARB,2024-06-16,VC,0.925,-1,2024-06-15,0.9123,0.9221,26903147.0,24869003.60013
ARB,2024-06-16,VC,0.925,0,2024-06-16,0.9221,0.9243,24619846.5,22646987.50872
ARB,2024-06-16,VC,0.925,1,2024-06-17,0.9243,0.8579,71645844.2,62993537.52079
ARB,2024-06-16,VC,0.925,2,2024-06-18,0.8578,0.7948,139620076.2,109875539.58137
ARB,2024-06-16,VC,0.925,3,2024-06-19,0.7948,0.8129,61941547.6,50545178.54945
ARB,2024-06-16,VC,0.925,4,2024-06-20,0.813,0.8014,66633976.3,54844377.99142
ARB,2024-06-16,VC,0.925,5,2024-06-21,0.8012,0.8022,60507034.2,48341487.8662
ARB,2024-06-16,VC,0.925,6,2024-06-22,0.802,0.8048,20123438.8,16153494.69831
ARB,2024-06-16,VC,0.925,7,2024-06-23,0.8048,0.784,28621928.5,22818396.83455
OP,2024-01-31,VC,0.5625,-7,2024-01-24,2.82,2.857,16222234.28,45894072.67267
OP,2024-01-31,VC,0.5625,-6,2024-01-25,2.858,2.937,16449789.1,47184000.68859
OP,2024-01-31,VC,0.5625,-5,2024-01-26,2.938,3.069,23484536.41,71868524.02998
OP,2024-01-31,VC,0.5625,-4,2024-01-27,3.07,3.068,9523296.35,29217966.14408
OP,2024-01-31,VC,0.5625,-3,2024-01-28,3.069,3.029,14931325.67,46477343.69145
OP,2024-01-31,VC,0.5625,-2,2024-01-29,3.029,3.168,16130697.18,49628563.79319
OP,2024-01-31,VC,0.5625,-1,2024-01-30,3.169,3.157,26265974.64,83894582.48794
OP,2024-01-31,VC,0.5625,0,2024-01-31,3.157,2.901,21441170.8,64726417.30878
OP,2024-01-31,VC,0.5625,1,2024-02-01,2.901,2.976,13032832.52,38092003.03362
OP,2024-01-31,VC,0.5625,2,2024-02-02,2.977,3.015,8843271.6,26431627.6049
OP,2024-01-31,VC,0.5625,3,2024-02-03,3.014,2.961,5195871.84,15610078.05114
OP,2024-01-31,VC,0.5625,4,2024-02-04,2.96,2.994,7743935.69,23162015.54151
OP,2024-01-31,VC,0.5625,5,2024-02-05,2.993,3.097,12259252.97,37425483.80715
OP,2024-01-31,VC,0.5625,6,2024-02-06,3.097,3.325,34804738.06,112591473.48219
OP,2024-01-31,VC,0.5625,7,2024-02-07,3.325,3.363,25924719.16,86292128.31774
OP,2024-02-29,VC,0.5625,-7,2024-02-22,3.763,3.64,20612413.52,76601243.44621
OP,2024-02-29,VC,0.5625,-6,2024-02-23,3.639,3.508,16167083.13,58355969.36938
OP,2024-02-29,VC,0.5625,-5,2024-02-24,3.507,3.669,12739766.16,45798686.32249
OP,2024-02-29,VC,0.5625,-4,2024-02-25,3.669,3.881,11897239.9,44520448.28369
OP,2024-02-29,VC,0.5625,-3,2024-02-26,3.882,3.824,16654512.13,62801174.24221
OP,2024-02-29,VC,0.5625,-2,2024-02-27,3.824,3.705,18913175.1,71744660.1404
OP,2024-02-29,VC,0.5625,-1,2024-02-28,3.705,3.767,29508442.9,111040359.67143
OP,2024-02-29,VC,0.5625,0,2024-02-29,3.766,3.7,31043410.31,120287305.16996
OP,2024-02-29,VC,0.5625,1,2024-03-01,3.701,3.757,13535925.85,50976771.31876
OP,2024-02-29,VC,0.5625,2,2024-03-02,3.756,3.988,20153217.0,77872471.21445
OP,2024-02-29,VC,0.5625,3,2024-03-03,3.987,3.988,40499006.79,164963254.94502
OP,2024-02-29,VC,0.5625,4,2024-03-04,3.988,3.909,24121182.17,94397736.86181
OP,2024-02-29,VC,0.5625,5,2024-03-05,3.909,4.514,97067063.33,419727888.04153
OP,2024-02-29,VC,0.5625,6,2024-03-06,4.513,4.545,53247934.43,243571787.29716
OP,2024-02-29,VC,0.5625,7,2024-03-07,4.545,4.661,29258599.28,134073893.6103
OP,2024-05-31,VC,0.5625,-7,2024-05-24,2.623,2.522,29652132.84,75900768.10472
OP,2024-05-31,VC,0.5625,-6,2024-05-25,2.521,2.551,20057043.09,51380393.56891
OP,2024-05-31,VC,0.5625,-5,2024-05-26,2.551,2.53,19318558.63,49687926.27117
OP,2024-05-31,VC,0.5625,-4,2024-05-27,2.53,2.587,29985415.76,77612505.02494
OP,2024-05-31,VC,0.5625,-3,2024-05-28,2.588,2.548,23764817.4,60176770.11281
OP,2024-05-31,VC,0.5625,-2,2024-05-29,2.548,2.494,15875961.21,40333036.92928
OP,2024-05-31,VC,0.5625,-1,2024-05-30,2.494,2.476,17164242.06,42605982.22766
OP,2024-05-31,VC,0.5625,0,2024-05-31,2.477,2.455,12184273.46,30120830.76851
OP,2024-05-31,VC,0.5625,1,2024-06-01,2.455,2.475,6062194.84,14986600.90213
OP,2024-05-31,VC,0.5625,2,2024-06-02,2.475,2.379,13552666.67,32938991.65573
OP,2024-05-31,VC,0.5625,3,2024-06-03,2.379,2.402,13091435.73,31743405.11595
OP,2024-05-31,VC,0.5625,4,2024-06-04,2.401,2.478,12770915.45,30985502.20057
OP,2024-05-31,VC,0.5625,5,2024-06-05,2.479,2.524,12547562.92,31481086.06177
OP,2024-05-31,VC,0.5625,6,2024-06-06,2.525,2.484,8831218.76,22040285.49343
OP,2024-05-31,VC,0.5625,7,2024-06-07,2.484,2.262,32995707.84,77265255.03406
APT,2024-01-12,VC,0.283,-7,2024-01-05,10.3167,9.6409,8825894.67,90288749.135614
APT,2024-01-12,VC,0.283,-6,2024-01-06,9.6436,9.048,4508313.84,41277059.449088
APT,2024-01-12,VC,0.283,-5,2024-01-07,9.0497,8.4746,4092022.75,36530159.271703
APT,2024-01-12,VC,0.283,-4,2024-01-08,8.4761,8.808,5127476.4,42989514.252739
APT,2024-01-12,VC,0.283,-3,2024-01-09,8.8087,8.2828,4563382.97,37791583.790943
APT,2024-01-12,VC,0.283,-2,2024-01-10,8.2818,8.8857,5258256.73,44434145.448151
APT,2024-01-12,VC,0.283,-1,2024-01-11,8.8867,9.4469,6679666.2,61977526.808041
APT,2024-01-12,VC,0.283,0,2024-01-12,9.444,9.0167,7492137.13,70956908.779233
APT,2024-01-12,VC,0.283,1,2024-01-13,9.0187,10.004,9421682.26,92355116.033027
APT,2024-01-12,VC,0.283,2,2024-01-14,10.003,9.6752,5661815.32,55348875.320159
APT,2024-01-12,VC,0.283,3,2024-01-15,9.6754,9.5099,6910020.64,68934164.576888
APT,2024-01-12,VC,0.283,4,2024-01-16,9.5099,9.4361,3872299.38,36444564.520619
APT,2024-01-12,VC,0.283,5,2024-01-17,9.4355,9.3359,2868996.36,26677042.999324
APT,2024-01-12,VC,0.283,6,2024-01-18,9.3401,8.7189,3831398.85,34770962.76519
APT,2024-01-12,VC,0.283,7,2024-01-19,8.7193,8.5855,3233207.36,27448237.461377
APT,2024-04-12,VC,0.283,-7,2024-04-05,14.1577,13.1468,6327287.98,83333143.336733
APT,2024-04-12,VC,0.283,-6,2024-04-06,13.1461,13.216,3902626.08,51306093.447955
APT,2024-04-12,VC,0.283,-5,2024-04-07,13.216,13.6318,3102998.11,42161036.265251
APT,2024-04-12,VC,0.283,-4,2024-04-08,13.6319,14.2581,3634476.14,50732805.433948
APT,2024-04-12,VC,0.283,-3,2024-04-09,14.2595,12.7333,4106579.29,55317151.675821
APT,2024-04-12,VC,0.283,-2,2024-04-10,12.732,12.2186,9292326.3,112936605.6882
APT,2024-04-12,VC,0.283,-1,2024-04-11,12.2181,11.8525,4358861.2,52876729.35082
APT,2024-04-12,VC,0.283,0,2024-04-12,11.8531,9.77,12139905.67,126708804.555084
APT,2024-04-12,VC,0.283,1,2024-04-13,9.77,8.7733,16573290.71,149625895.04087
APT,2024-04-12,VC,0.283,2,2024-04-14,8.7734,9.5825,7776408.92,71109183.230799
APT,2024-04-12,VC,0.283,3,2024-04-15,9.582,9.131,6168529.37,58188207.4648
APT,2024-04-12,VC,0.283,4,2024-04-16,9.1309,9.2526,4689546.27,42075024.641129
APT,2024-04-12,VC,0.283,5,2024-04-17,9.2513,9.142,5084843.52,46947459.421551
APT,2024-04-12,VC,0.283,6,2024-04-18,9.1417,9.4958,4965520.81,46236675.184002
APT,2024-04-12,VC,0.283,7,2024-04-19,9.496,9.4143,4417083.8,41200801.131425
SUI,2024-05-03,VC,0.6436,-7,2024-04-26,1.2242,1.1737,26300032.8,31275511.646
SUI,2024-05-03,VC,0.6436,-6,2024-04-27,1.1744,1.2111,28262859.8,33513436.01088
SUI,2024-05-03,VC,0.6436,-5,2024-04-28,1.2112,1.2177,16291420.1,20216477.95799
SUI,2024-05-03,VC,0.6436,-4,2024-04-29,1.217,1.1921,23444592.6,27997569.13682
SUI,2024-05-03,VC,0.6436,-3,2024-04-30,1.1922,1.1438,51828918.4,58663015.3721
SUI,2024-05-03,VC,0.6436,-2,2024-05-01,1.1434,1.1474,47808647.3,53265204.57223
SUI,2024-05-03,VC,0.6436,-1,2024-05-02,1.1474,1.1212,25852856.6,29214004.74788
SUI,2024-05-03,VC,0.6436,0,2024-05-03,1.121,1.1119,50935228.5,56411826.45786
SUI,2024-05-03,VC,0.6436,1,2024-05-04,1.1116,1.091,69997409.6,76658369.61787
SUI,2024-05-03,VC,0.6436,2,2024-05-05,1.091,1.0954,45275978.2,49292188.71041
SUI,2024-05-03,VC,0.6436,3,2024-05-06,1.0956,1.0932,66082235.6,73811167.8549
SUI,2024-05-03,VC,0.6436,4,2024-05-07,1.0933,1.0797,53295683.6,59290553.61019
SUI,2024-05-03,VC,0.6436,5,2024-05-08,1.0796,1.0105,38955874.9,40945620.51747
SUI,2024-05-03,VC,0.6436,6,2024-05-09,1.0104,1.0262,46259992.3,46362917.48722
SUI,2024-05-03,VC,0.6436,7,2024-05-10,1.0262,1.0076,66435807.9,69970018.75565
SUI,2024-06-03,VC,0.6436,-7,2024-05-27,1.042,1.0743,26222430.3,27769026.47566
SUI,2024-06-03,VC,0.6436,-6,2024-05-28,1.0744,1.0303,31740830.6,32939673.4236
SUI,2024-06-03,VC,0.6436,-5,2024-05-29,1.0302,1.0165,26490573.8,27306330.88084
SUI,2024-06-03,VC,0.6436,-4,2024-05-30,1.0164,1.013,27003673.1,27311797.28525
SUI,2024-06-03,VC,0.6436,-3,2024-05-31,1.0129,1.0234,19765509.5,20054169.31521
SUI,2024-06-03,VC,0.6436,-2,2024-06-01,1.0233,1.024,12928706.5,13237194.37059
SUI,2024-06-03,VC,0.6436,-1,2024-06-02,1.0239,1.0164,18643898.5,19063486.10377
SUI,2024-06-03,VC,0.6436,0,2024-06-03,1.0165,1.04,25420198.1,26467802.03975
SUI,2024-06-03,VC,0.6436,1,2024-06-04,1.0399,1.054,23556842.0,24337951.78771
SUI,2024-06-03,VC,0.6436,2,2024-06-05,1.0539,1.1041,37117447.2,40116171.13891
SUI,2024-06-03,VC,0.6436,3,2024-06-06,1.1041,1.1132,32681986.7,36368655.94743
SUI,2024-06-03,VC,0.6436,4,2024-06-07,1.1132,1.081,71390493.1,78920978.60803
SUI,2024-06-03,VC,0.6436,5,2024-06-08,1.0809,1.1041,66568450.9,74354689.36134
SUI,2024-06-03,VC,0.6436,6,2024-06-09,1.104,1.094,36383658.5,39866610.0022
SUI,2024-06-03,VC,0.6436,7,2024-06-10,1.094,1.0338,35749513.2,37890519.99681
SUI,2024-07-03,VC,0.6436,-7,2024-06-26,0.8783,0.8297,20735647.8,17621847.78769
SUI,2024-07-03,VC,0.6436,-6,2024-06-27,0.8296,0.8368,16023314.4,13518238.54402
SUI,2024-07-03,VC,0.6436,-5,2024-06-28,0.8368,0.7908,19491347.4,15899286.55468
SUI,2024-07-03,VC,0.6436,-4,2024-06-29,0.7907,0.7825,11303682.5,9006817.105
SUI,2024-07-03,VC,0.6436,-3,2024-06-30,0.7825,0.8201,14990091.2,11946248.39619
SUI,2024-07-03,VC,0.6436,-2,2024-07-01,0.82,0.8092,12705330.0,10428101.43662
SUI,2024-07-03,VC,0.6436,-1,2024-07-02,0.8092,0.8254,12702147.7,10382959.23884
SUI,2024-07-03,VC,0.6436,0,2024-07-03,0.8256,0.776,19755637.7,15753126.1066
SUI,2024-07-03,VC,0.6436,1,2024-07-04,0.7761,0.6736,44684192.6,32259092.00168
SUI,2024-07-03,VC,0.6436,2,2024-07-05,0.6735,0.6439,98167274.0,61079130.69516
SUI,2024-07-03,VC,0.6436,3,2024-07-06,0.6439,0.6938,23188963.4,15513281.20385
SUI,2024-07-03,VC,0.6436,4,2024-07-07,0.6938,0.64,25868404.1,17466200.90906
SUI,2024-07-03,VC,0.6436,5,2024-07-08,0.6401,0.6734,42404731.7,28124932.89695
SUI,2024-07-03,VC,0.6436,6,2024-07-09,0.6733,0.7434,35158769.2,24962713.32729
SUI,2024-07-03,VC,0.6436,7,2024-07-10,0.7434,0.7379,36383341.8,26976712.81686
PYTH,2024-05-20,OTC,25.0,-7,2024-05-13,0.4392,0.422,34859035.6,14915912.2429
PYTH,2024-05-20,OTC,25.0,-6,2024-05-14,0.4221,0.3997,23906521.4,9872182.47526
PYTH,2024-05-20,OTC,25.0,-5,2024-05-15,0.3997,0.4488,36270188.5,15541099.59083
PYTH,2024-05-20,OTC,25.0,-4,2024-05-16,0.4489,0.4249,32666124.1,14177757.90869
PYTH,2024-05-20,OTC,25.0,-3,2024-05-17,0.4249,0.4414,30782867.2,13464751.82865
PYTH,2024-05-20,OTC,25.0,-2,2024-05-18,0.4414,0.4402,29018700.4,13169151.09052
PYTH,2024-05-20,OTC,25.0,-1,2024-05-19,0.4404,0.382,91790252.8,36435372.1343
PYTH,2024-05-20,OTC,25.0,0,2024-05-20,0.3819,0.4637,178192584.0,75811504.22041
PYTH,2024-05-20,OTC,25.0,1,2024-05-21,0.4637,0.4638,106781018.1,51035942.31326
PYTH,2024-05-20,OTC,25.0,2,2024-05-22,0.4639,0.4652,64162150.0,29737062.30014
PYTH,2024-05-20,OTC,25.0,3,2024-05-23,0.4652,0.4406,76413351.3,33830481.27341
PYTH,2024-05-20,OTC,25.0,4,2024-05-24,0.4406,0.4342,39535986.7,17117735.71519
PYTH,2024-05-20,OTC,25.0,5,2024-05-25,0.4342,0.4428,25810230.6,11379373.87987
PYTH,2024-05-20,OTC,25.0,6,2024-05-26,0.4429,0.4406,19382935.1,8572025.60311
PYTH,2024-05-20,OTC,25.0,7,2024-05-27,0.4407,0.4473,33618919.8,14974323.43088
STRK,2024-06-15,VC,0.64,-7,2024-06-08,1.206,1.13,27012802.2,31252951.95119
STRK,2024-06-15,VC,0.64,-6,2024-06-09,1.129,1.168,14758063.53,17036356.33977
STRK,2024-06-15,VC,0.64,-5,2024-06-10,1.169,1.119,18110227.18,20496923.57755
STRK,2024-06-15,VC,0.64,-4,2024-06-11,1.118,1.035,29173011.55,31290163.19181
STRK,2024-06-15,VC,0.64,-3,2024-06-12,1.036,1.071,25223960.64,26810405.31846
STRK,2024-06-15,VC,0.64,-2,2024-06-13,1.072,0.987,19973275.44,20252377.234
STRK,2024-06-15,VC,0.64,-1,2024-06-14,0.988,0.943,23978379.77,23067284.81701
STRK,2024-06-15,VC,0.64,0,2024-06-15,0.944,0.934,12986070.2,12358559.31124
STRK,2024-06-15,VC,0.64,1,2024-06-16,0.934,0.935,11258172.82,10508282.5689
STRK,2024-06-15,VC,0.64,2,2024-06-17,0.936,0.795,45444695.36,38437268.72217
STRK,2024-06-15,VC,0.64,3,2024-06-18,0.795,0.736,51288767.35,37567795.89845
STRK,2024-06-15,VC,0.64,4,2024-06-19,0.736,0.732,31923571.3,23290578.405
STRK,2024-06-15,VC,0.64,5,2024-06-20,0.732,0.725,28157973.33,20628926.20095
STRK,2024-06-15,VC,0.64,6,2024-06-21,0.724,0.719,21597313.62,15663217.56434
STRK,2024-06-15,VC,0.64,7,2024-06-22,0.719,0.719,10250022.48,7332755.99334
JUP,2025-01-31,VC,10.0,-7,2025-01-24,0.7963,0.8431,99062406.8,83729033.02229
JUP,2025-01-31,VC,10.0,-6,2025-01-25,0.843,0.9712,179511053.9,169156112.55045
JUP,2025-01-31,VC,10.0,-5,2025-01-26,0.9708,1.0533,305563967.0,345338723.47241
JUP,2025-01-31,VC,10.0,-4,2025-01-27,1.0534,1.1237,306451366.9,315191354.7862
JUP,2025-01-31,VC,10.0,-3,2025-01-28,1.1249,1.1207,187952672.9,221815556.62841
JUP,2025-01-31,VC,10.0,-2,2025-01-29,1.1208,1.0894,99235689.5,109675899.85089
JUP,2025-01-31,VC,10.0,-1,2025-01-30,1.0894,1.0935,76565126.4,85015039.83587
JUP,2025-01-31,VC,10.0,0,2025-01-31,1.0936,1.0371,56640947.9,59499164.45407
JUP,2025-01-31,VC,10.0,1,2025-02-01,1.0371,0.9237,45423199.2,44987540.26188
JUP,2025-01-31,VC,10.0,2,2025-02-02,0.9238,0.9153,118400988.1,110137974.19976
JUP,2025-01-31,VC,10.0,3,2025-02-03,0.9157,1.0072,245425877.7,214963213.35796
JUP,2025-01-31,VC,10.0,4,2025-02-04,1.0069,0.96,102311469.5,100744792.18774
JUP,2025-01-31,VC,10.0,5,2025-02-05,0.9601,0.8841,43807105.6,40786293.51768
JUP,2025-01-31,VC,10.0,6,2025-02-06,0.8838,0.8274,35259694.7,30602895.53338
JUP,2025-01-31,VC,10.0,7,2025-02-07,0.8273,0.8007,41987209.7,35048706.70948
ZK,2025-06-17,VC,17.5,-7,2025-06-10,0.0569,0.0586,102317934.7,5884004.83955
ZK,2025-06-17,VC,17.5,-6,2025-06-11,0.0586,0.055,63604128.1,3618968.46845
ZK,2025-06-17,VC,17.5,-5,2025-06-12,0.055,0.0521,59959401.0,3238862.81064
ZK,2025-06-17,VC,17.5,-4,2025-06-13,0.0521,0.0505,111552374.8,5488093.28001
ZK,2025-06-17,VC,17.5,-3,2025-06-14,0.0505,0.0515,68481193.0,3527901.87109
ZK,2025-06-17,VC,17.5,-2,2025-06-15,0.0515,0.0499,48092643.5,2406415.52893
ZK,2025-06-17,VC,17.5,-1,2025-06-16,0.0499,0.0486,71109635.0,3604213.78274
ZK,2025-06-17,VC,17.5,0,2025-06-17,0.0486,0.0477,86429954.8,4199456.89936
ZK,2025-06-17,VC,17.5,1,2025-06-18,0.0478,0.046,118557149.3,5358182.58276
ZK,2025-06-17,VC,17.5,2,2025-06-19,0.0461,0.0453,46656098.7,2139506.88804
ZK,2025-06-17,VC,17.5,3,2025-06-20,0.0453,0.0434,93199392.2,4164820.25638
ZK,2025-06-17,VC,17.5,4,2025-06-21,0.0433,0.0408,71300149.4,3012046.77769
ZK,2025-06-17,VC,17.5,5,2025-06-22,0.0409,0.0387,149941606.7,5836597.51976
ZK,2025-06-17,VC,17.5,6,2025-06-23,0.0388,0.0448,115490066.9,4777931.59862
ZK,2025-06-17,VC,17.5,7,2025-06-24,0.0448,0.0463,110124464.7,4984472.85618
ENA,2025-04-05,OTC,1.2,-7,2025-03-29,0.3854,0.3641,86755363.21,32546833.267655
ENA,2025-04-05,OTC,1.2,-6,2025-03-30,0.3642,0.3698,71102651.24,26121392.920497
ENA,2025-04-05,OTC,1.2,-5,2025-03-31,0.3699,0.3437,120767976.99,42861730.199367
ENA,2025-04-05,OTC,1.2,-4,2025-04-01,0.3437,0.3692,143639680.19,51623151.960696
ENA,2025-04-05,OTC,1.2,-3,2025-04-02,0.3692,0.3309,184158409.16,66599051.30479
ENA,2025-04-05,OTC,1.2,-2,2025-04-03,0.331,0.3146,209948444.23,66483464.454791
ENA,2025-04-05,OTC,1.2,-1,2025-04-04,0.3147,0.3187,168475772.02,51733143.521289
ENA,2025-04-05,OTC,1.2,0,2025-04-05,0.3186,0.3199,107248724.41,34540164.799389
ENA,2025-04-05,OTC,1.2,1,2025-04-06,0.3199,0.2763,146639945.81,42757532.23675
ENA,2025-04-05,OTC,1.2,2,2025-04-07,0.2764,0.2923,252215164.22,70554361.709093
ENA,2025-04-05,OTC,1.2,3,2025-04-08,0.2923,0.2753,109182582.68,31823642.342925
ENA,2025-04-05,OTC,1.2,4,2025-04-09,0.2754,0.3165,228176315.98,67532797.173557
ENA,2025-04-05,OTC,1.2,5,2025-04-10,0.3166,0.3025,189675194.28,57713203.412953
ENA,2025-04-05,OTC,1.2,6,2025-04-11,0.3025,0.3156,125774730.9,39614845.249274
ENA,2025-04-05,OTC,1.2,7,2025-04-12,0.3157,0.3423,117356804.18,38302954.256762
EIGEN,2025-09-30,VC,5.1368,-7,2025-09-23,1.813,1.662,16997068.36,29487052.86774
EIGEN,2025-09-30,VC,5.1368,-6,2025-09-24,1.662,1.794,20852692.88,37001888.91731
EIGEN,2025-09-30,VC,5.1368,-5,2025-09-25,1.795,1.707,25757991.85,44171447.10762
EIGEN,2025-09-30,VC,5.1368,-4,2025-09-26,1.706,1.76,19196572.57,32781041.78639
EIGEN,2025-09-30,VC,5.1368,-3,2025-09-27,1.759,1.888,15936219.24,28794441.32649
EIGEN,2025-09-30,VC,5.1368,-2,2025-09-28,1.889,1.889,13620316.55,25150183.50361
EIGEN,2025-09-30,VC,5.1368,-1,2025-09-29,1.89,1.647,16072650.03,27710037.51908
EIGEN,2025-09-30,VC,5.1368,0,2025-09-30,1.648,1.449,17784695.64,26656555.5427
EIGEN,2025-09-30,VC,5.1368,1,2025-10-01,1.45,1.517,22070978.39,32282242.08652
EIGEN,2025-09-30,VC,5.1368,2,2025-10-02,1.517,1.781,32132067.3,54164175.98907
EIGEN,2025-09-30,VC,5.1368,3,2025-10-03,1.78,1.91,22091857.14,40054410.96808
EIGEN,2025-09-30,VC,5.1368,4,2025-10-04,1.911,1.971,16000024.41,30357836.47948
EIGEN,2025-09-30,VC,5.1368,5,2025-10-05,1.971,1.865,13150668.33,25714629.69267
EIGEN,2025-09-30,VC,5.1368,6,2025-10-06,1.865,1.942,23830948.52,47453780.4571
EIGEN,2025-09-30,VC,5.1368,7,2025-10-07,1.943,1.968,16996101.58,33349431.77116
IMX,2024-01-24,VC,1.8166,-7,2024-01-17,2.0853,2.0477,2456335.61,5096445.631866
IMX,2024-01-24,VC,1.8166,-6,2024-01-18,2.0473,1.935,3914450.6,7730308.440551
IMX,2024-01-24,VC,1.8166,-5,2024-01-19,1.9354,1.9374,3004281.04,5654118.698033
IMX,2024-01-24,VC,1.8166,-4,2024-01-20,1.9373,1.9192,2025863.73,3857776.898594
IMX,2024-01-24,VC,1.8166,-3,2024-01-21,1.9183,1.9174,1344582.06,2608011.79022
IMX,2024-01-24,VC,1.8166,-2,2024-01-22,1.9185,1.7803,3611498.99,6632417.110719
IMX,2024-01-24,VC,1.8166,-1,2024-01-23,1.7813,1.8639,4954295.3,8767787.249258
IMX,2024-01-24,VC,1.8166,0,2024-01-24,1.8637,1.8608,3141167.09,5782942.107627
IMX,2024-01-24,VC,1.8166,1,2024-01-25,1.8606,1.8259,2947242.06,5407729.782873
IMX,2024-01-24,VC,1.8166,2,2024-01-26,1.8256,1.9014,3622612.06,6769879.433659
IMX,2024-01-24,VC,1.8166,3,2024-01-27,1.9015,1.9391,2599200.31,5003702.014924
IMX,2024-01-24,VC,1.8166,4,2024-01-28,1.9394,1.906,3409259.78,6623553.121006
IMX,2024-01-24,VC,1.8166,5,2024-01-29,1.9057,2.0307,3769452.16,7471225.135271
IMX,2024-01-24,VC,1.8166,6,2024-01-30,2.0306,2.0066,4077200.09,8287866.953005
IMX,2024-01-24,VC,1.8166,7,2024-01-31,2.0067,1.9325,3396504.38,6740884.771826
IMX,2024-07-24,VC,1.8166,-7,2024-07-17,1.4902,1.5785,4681122.97,7455031.063314
IMX,2024-07-24,VC,1.8166,-6,2024-07-18,1.5791,1.5191,3831491.71,6000085.467995
IMX,2024-07-24,VC,1.8166,-5,2024-07-19,1.5196,1.6189,4588289.76,6981925.231851
IMX,2024-07-24,VC,1.8166,-4,2024-07-20,1.6195,1.6411,1739011.93,2816870.4892
IMX,2024-07-24,VC,1.8166,-3,2024-07-21,1.6406,1.6726,2735961.87,4496182.454183
IMX,2024-07-24,VC,1.8166,-2,2024-07-22,1.6724,1.548,2617650.4,4199661.033392
IMX,2024-07-24,VC,1.8166,-1,2024-07-23,1.549,1.529,3043619.31,4724943.862927
IMX,2024-07-24,VC,1.8166,0,2024-07-24,1.53,1.482,1857427.18,2844590.18004
IMX,2024-07-24,VC,1.8166,1,2024-07-25,1.482,1.458,1835355.07,2633683.751255
IMX,2024-07-24,VC,1.8166,2,2024-07-26,1.457,1.54,1832777.76,2740552.05803
IMX,2024-07-24,VC,1.8166,3,2024-07-27,1.539,1.49,2102706.27,3224546.22412
IMX,2024-07-24,VC,1.8166,4,2024-07-28,1.49,1.438,897186.84,1312843.81674
IMX,2024-07-24,VC,1.8166,5,2024-07-29,1.438,1.495,2676857.41,4100847.1801
IMX,2024-07-24,VC,1.8166,6,2024-07-30,1.495,1.419,2623889.03,3865362.87982
IMX,2024-07-24,VC,1.8166,7,2024-07-31,1.418,1.394,1428171.66,2041461.410233
AVAX,2024-01-01,VC,1.3194,-7,2023-12-25,47.68,48.18,4146186.27,197044393.3015
AVAX,2024-01-01,VC,1.3194,-6,2023-12-26,48.18,44.41,4773394.73,215972199.4733
AVAX,2024-01-01,VC,1.3194,-5,2023-12-27,44.41,42.39,4199478.73,181963479.0321
AVAX,2024-01-01,VC,1.3194,-4,2023-12-28,42.4,39.8,5049991.19,206543476.7554
AVAX,2024-01-01,VC,1.3194,-3,2023-12-29,39.8,40.18,5054515.59,205177566.4711
AVAX,2024-01-01,VC,1.3194,-2,2023-12-30,40.18,39.33,2217519.52,87475649.3759
AVAX,2024-01-01,VC,1.3194,-1,2023-12-31,39.33,38.55,2208181.77,87260271.4329
AVAX,2024-01-01,VC,1.3194,0,2024-01-01,38.57,41.94,2734126.31,109336068.2752
AVAX,2024-01-01,VC,1.3194,1,2024-01-02,41.95,40.61,3642001.26,152881602.4529
AVAX,2024-01-01,VC,1.3194,2,2024-01-03,40.61,36.8,6289630.67,235808452.7971
AVAX,2024-01-01,VC,1.3194,3,2024-01-04,36.79,38.72,3541865.71,134629036.8137
AVAX,2024-01-01,VC,1.3194,4,2024-01-05,38.72,36.46,3385914.09,123863570.2348
AVAX,2024-01-01,VC,1.3194,5,2024-01-06,36.46,34.61,2367153.87,82136611.3957
AVAX,2024-01-01,VC,1.3194,6,2024-01-07,34.62,33.64,2727132.92,94797296.6874
AVAX,2024-01-01,VC,1.3194,7,2024-01-08,33.65,36.08,5416852.99,183891701.8309
SEI,2024-08-15,VC,9.0,-7,2024-08-08,0.2359,0.2915,90637301.8,23810315.66099
SEI,2024-08-15,VC,9.0,-6,2024-08-09,0.2915,0.2893,66493474.0,19311852.02267
SEI,2024-08-15,VC,9.0,-5,2024-08-10,0.2893,0.2987,65994659.8,19669118.15959
SEI,2024-08-15,VC,9.0,-4,2024-08-11,0.2987,0.2681,59446575.3,16751545.21108
SEI,2024-08-15,VC,9.0,-3,2024-08-12,0.2681,0.3046,152911027.0,45190871.53783
SEI,2024-08-15,VC,9.0,-2,2024-08-13,0.3046,0.2942,74185458.1,21806499.91376
SEI,2024-08-15,VC,9.0,-1,2024-08-14,0.2941,0.2823,73533329.3,21203071.69673
SEI,2024-08-15,VC,9.0,0,2024-08-15,0.2822,0.2752,66397528.6,18187919.7116
SEI,2024-08-15,VC,9.0,1,2024-08-16,0.2753,0.2671,60718960.7,16322792.69695
SEI,2024-08-15,VC,9.0,2,2024-08-17,0.2671,0.2703,33206468.2,8821928.50689
SEI,2024-08-15,VC,9.0,3,2024-08-18,0.2702,0.2666,30967171.7,8444701.94256
SEI,2024-08-15,VC,9.0,4,2024-08-19,0.2665,0.2669,46803541.3,12251223.92541
SEI,2024-08-15,VC,9.0,5,2024-08-20,0.2668,0.2648,54999220.0,14929054.11472
SEI,2024-08-15,VC,9.0,6,2024-08-21,0.2647,0.28,58853359.3,16141130.69378
SEI,2024-08-15,VC,9.0,7,2024-08-22,0.2801,0.2847,62653199.1,17938978.12158
TIA,2024-10-30,VC,17.5586,-7,2024-10-23,5.789,5.974,8012561.81,47125951.68719
TIA,2024-10-30,VC,17.5586,-6,2024-10-24,5.975,6.135,7195735.51,43646414.24145
TIA,2024-10-30,VC,17.5586,-5,2024-10-25,6.136,5.299,8528242.71,49020860.96677
TIA,2024-10-30,VC,17.5586,-4,2024-10-26,5.299,5.395,5346014.26,28405603.47485
TIA,2024-10-30,VC,17.5586,-3,2024-10-27,5.396,5.129,3406707.9,17909150.31778
TIA,2024-10-30,VC,17.5586,-2,2024-10-28,5.13,5.088,6999642.84,35188221.85761
TIA,2024-10-30,VC,17.5586,-1,2024-10-29,5.088,5.276,10129236.89,52188301.09303
TIA,2024-10-30,VC,17.5586,0,2024-10-30,5.277,4.764,13804819.4,66893356.10719
TIA,2024-10-30,VC,17.5586,1,2024-10-31,4.764,4.867,18167468.37,85724450.86017
TIA,2024-10-30,VC,17.5586,2,2024-11-01,4.866,4.552,12569562.52,58966395.30715
TIA,2024-10-30,VC,17.5586,3,2024-11-02,4.553,4.681,7785288.47,35996234.87752
TIA,2024-10-30,VC,17.5586,4,2024-11-03,4.683,4.556,11876029.11,53862688.55902
TIA,2024-10-30,VC,17.5586,5,2024-11-04,4.557,4.222,6801911.43,30035107.88986
TIA,2024-10-30,VC,17.5586,6,2024-11-05,4.223,4.226,9259207.75,40004120.62319
TIA,2024-10-30,VC,17.5586,7,2024-11-06,4.226,5.115,20891201.86,98144302.37187
ALT,2024-03-25,VC,5.184,-7,2024-03-18,0.54716,0.47951,88181341.0,44358936.66236
ALT,2024-03-25,VC,5.184,-6,2024-03-19,0.47946,0.44983,121984306.0,54472433.34741
ALT,2024-03-25,VC,5.184,-5,2024-03-20,0.44984,0.47063,124360566.0,55517874.88615
ALT,2024-03-25,VC,5.184,-4,2024-03-21,0.47062,0.5156,162603281.0,80978283.51209
ALT,2024-03-25,VC,5.184,-3,2024-03-22,0.51559,0.48807,129143982.0,63597277.77945
ALT,2024-03-25,VC,5.184,-2,2024-03-23,0.48807,0.4994,85812522.0,42353029.93276
ALT,2024-03-25,VC,5.184,-1,2024-03-24,0.4993,0.50057,73963763.0,36788366.59792
ALT,2024-03-25,VC,5.184,0,2024-03-25,0.50072,0.59584,188196648.0,103963130.26055
ALT,2024-03-25,VC,5.184,1,2024-03-26,0.59575,0.6375,218322872.0,137808012.86615
ALT,2024-03-25,VC,5.184,2,2024-03-27,0.63771,0.60614,214958355.0,134938217.58337
ALT,2024-03-25,VC,5.184,3,2024-03-28,0.60602,0.66544,157017449.0,97115794.4181
ALT,2024-03-25,VC,5.184,4,2024-03-29,0.6658,0.6064,125375464.0,78800424.31794
ALT,2024-03-25,VC,5.184,5,2024-03-30,0.6064,0.6004,84623337.0,52005368.08051
ALT,2024-03-25,VC,5.184,6,2024-03-31,0.6004,0.61464,67271422.0,40969076.44554
ALT,2024-03-25,VC,5.184,7,2024-04-01,0.61464,0.57177,119669521.0,69224574.43085
WLD,2024-03-24,OTC,1.017,-7,2024-03-17,8.438,9.553,28050185.6,259270542.1176
WLD,2024-03-24,OTC,1.017,-6,2024-03-18,9.556,8.768,19509071.8,178750235.8975
WLD,2024-03-24,OTC,1.017,-5,2024-03-19,8.766,7.5,29425079.2,233869759.8514
WLD,2024-03-24,OTC,1.017,-4,2024-03-20,7.501,8.353,20473745.3,160433732.6802
WLD,2024-03-24,OTC,1.017,-3,2024-03-21,8.352,8.054,12173648.8,99380745.4378
WLD,2024-03-24,OTC,1.017,-2,2024-03-22,8.053,7.994,14811145.3,118309501.5303
WLD,2024-03-24,OTC,1.017,-1,2024-03-23,7.994,8.454,16422514.9,140962602.4348
WLD,2024-03-24,OTC,1.017,0,2024-03-24,8.454,8.461,11911188.7,98927446.4762
WLD,2024-03-24,OTC,1.017,1,2024-03-25,8.46,8.658,13273434.8,114386544.5902
WLD,2024-03-24,OTC,1.017,2,2024-03-26,8.659,8.744,15386945.8,138591436.8834
WLD,2024-03-24,OTC,1.017,3,2024-03-27,8.744,8.424,19690438.3,173459651.0517
WLD,2024-03-24,OTC,1.017,4,2024-03-28,8.424,8.413,10289659.5,86714194.9752
WLD,2024-03-24,OTC,1.017,5,2024-03-29,8.414,8.371,14724233.3,123584552.2599
WLD,2024-03-24,OTC,1.017,6,2024-03-30,8.372,8.113,7367713.1,60806338.9016
WLD,2024-03-24,OTC,1.017,7,2024-03-31,8.113,8.217,5084484.0,41725241.3064
WLD,2024-07-24,OTC,1.017,-7,2024-07-17,2.819,2.947,79644196.6,238871075.3997
WLD,2024-07-24,OTC,1.017,-6,2024-07-18,2.948,2.651,43860373.7,122566497.3503
WLD,2024-07-24,OTC,1.017,-5,2024-07-19,2.651,2.768,46339920.3,124888947.742
WLD,2024-07-24,OTC,1.017,-4,2024-07-20,2.768,2.643,26072233.7,69532034.8655
WLD,2024-07-24,OTC,1.017,-3,2024-07-21,2.643,2.573,27201245.7,68666444.0668
WLD,2024-07-24,OTC,1.017,-2,2024-07-22,2.574,2.27,25464078.8,62040434.7609
WLD,2024-07-24,OTC,1.017,-1,2024-07-23,2.27,2.178,26240007.8,59595663.2681
WLD,2024-07-24,OTC,1.017,0,2024-07-24,2.178,2.208,22007863.0,49272396.8688
WLD,2024-07-24,OTC,1.017,1,2024-07-25,2.208,2.116,24628242.1,52718153.8925
WLD,2024-07-24,OTC,1.017,2,2024-07-26,2.116,2.361,32100700.4,74598887.3952
WLD,2024-07-24,OTC,1.017,3,2024-07-27,2.361,2.329,26982481.4,64218796.1295
WLD,2024-07-24,OTC,1.017,4,2024-07-28,2.329,2.347,16239298.8,37801153.3736
WLD,2024-07-24,OTC,1.017,5,2024-07-29,2.347,2.281,20445935.5,48044268.5439
WLD,2024-07-24,OTC,1.017,6,2024-07-30,2.281,2.193,12614595.8,28359824.9455
WLD,2024-07-24,OTC,1.017,7,2024-07-31,2.192,2.105,10505943.5,22913859.5236
DYDX,2024-02-03,VC,15.0,-7,2024-01-27,2.68,2.729,4107904.73,11048733.44033
DYDX,2024-02-03,VC,15.0,-6,2024-01-28,2.729,2.672,7389500.61,20350201.53356
DYDX,2024-02-03,VC,15.0,-5,2024-01-29,2.672,2.765,5167183.35,14118893.55403
DYDX,2024-02-03,VC,15.0,-4,2024-01-30,2.765,2.789,12068537.25,34105628.92724
DYDX,2024-02-03,VC,15.0,-3,2024-01-31,2.789,2.631,10561872.83,28362761.42982
DYDX,2024-02-03,VC,15.0,-2,2024-02-01,2.632,2.663,6859075.86,17956543.64486
DYDX,2024-02-03,VC,15.0,-1,2024-02-02,2.663,2.831,6911044.16,18982084.2347
DYDX,2024-02-03,VC,15.0,0,2024-02-03,2.832,2.679,4053643.39,11151418.92623
DYDX,2024-02-03,VC,15.0,1,2024-02-04,2.679,2.621,3048337.53,8119909.92227
DYDX,2024-02-03,VC,15.0,2,2024-02-05,2.621,2.74,5073495.34,13600978.5771
DYDX,2024-02-03,VC,15.0,3,2024-02-06,2.741,2.792,5144782.71,14221229.99886
DYDX,2024-02-03,VC,15.0,4,2024-02-07,2.793,2.863,6317029.38,17817644.75696
DYDX,2024-02-03,VC,15.0,5,2024-02-08,2.864,2.797,6267251.8,17848285.75472
DYDX,2024-02-03,VC,15.0,6,2024-02-09,2.797,2.997,9454828.86,27399738.28922
DYDX,2024-02-03,VC,15.0,7,2024-02-10,2.999,2.941,9679431.62,29135219.97182
DYDX,2024-06-01,VC,15.0,-7,2024-05-25,2.009,2.087,8253056.47,17233127.68672
DYDX,2024-06-01,VC,15.0,-6,2024-05-26,2.087,2.029,4801593.3,9921313.22496
DYDX,2024-06-01,VC,15.0,-5,2024-05-27,2.03,2.07,6781676.24,13893936.39412
DYDX,2024-06-01,VC,15.0,-4,2024-05-28,2.069,2.083,7709878.35,15919008.09641
DYDX,2024-06-01,VC,15.0,-3,2024-05-29,2.083,2.027,6277742.99,13025797.26706
DYDX,2024-06-01,VC,15.0,-2,2024-05-30,2.027,1.998,5104227.3,10300092.24286
DYDX,2024-06-01,VC,15.0,-1,2024-05-31,1.998,2.0,3947705.43,7894270.99126
DYDX,2024-06-01,VC,15.0,0,2024-06-01,2.0,2.041,2305374.89,4657146.6159
DYDX,2024-06-01,VC,15.0,1,2024-06-02,2.041,1.999,3877672.44,7912499.10708
DYDX,2024-06-01,VC,15.0,2,2024-06-03,1.999,1.985,4276656.86,8644765.9552
DYDX,2024-06-01,VC,15.0,3,2024-06-04,1.984,2.073,5342842.09,10776449.53255
DYDX,2024-06-01,VC,15.0,4,2024-06-05,2.073,2.084,7419895.35,15432578.95617
DYDX,2024-06-01,VC,15.0,5,2024-06-06,2.084,2.172,11663791.39,25156886.82017
DYDX,2024-06-01,VC,15.0,6,2024-06-07,2.171,1.909,14981308.52,30163603.24224
DYDX,2024-06-01,VC,15.0,7,2024-06-08,1.909,1.85,7439607.34,14055571.29705
BLUR,2024-02-14,VC,10.0,-7,2024-02-07,0.5805,0.6052,36309499.1,21497156.75631
BLUR,2024-02-14,VC,10.0,-6,2024-02-08,0.6053,0.6219,44865124.7,27731634.10798
BLUR,2024-02-14,VC,10.0,-5,2024-02-09,0.6219,0.6397,32036605.0,20316130.12473
BLUR,2024-02-14,VC,10.0,-4,2024-02-10,0.6396,0.6237,19398581.5,12171770.67894
BLUR,2024-02-14,VC,10.0,-3,2024-02-11,0.6238,0.6166,18654188.8,11660881.56009
BLUR,2024-02-14,VC,10.0,-2,2024-02-12,0.6169,0.6408,31697011.1,19756135.88384
BLUR,2024-02-14,VC,10.0,-1,2024-02-13,0.641,0.6921,87909363.0,58841697.48653
BLUR,2024-02-14,VC,10.0,0,2024-02-14,0.692,0.7464,76505122.3,55511663.98609
BLUR,2024-02-14,VC,10.0,1,2024-02-15,0.7464,0.7344,50287767.6,37866814.62507
BLUR,2024-02-14,VC,10.0,2,2024-02-16,0.7343,0.7161,36965113.6,26745416.99715
BLUR,2024-02-14,VC,10.0,3,2024-02-17,0.7161,0.7103,17274121.2,12186843.10952
BLUR,2024-02-14,VC,10.0,4,2024-02-18,0.7105,0.7899,34374573.3,25227501.47838
BLUR,2024-02-14,VC,10.0,5,2024-02-19,0.7894,0.7819,51884504.1,41003642.95306
BLUR,2024-02-14,VC,10.0,6,2024-02-20,0.7818,0.7608,44421826.9,33512860.93344
BLUR,2024-02-14,VC,10.0,7,2024-02-21,0.761,0.7125,33972838.1,24062903.1853
UNI,2024-04-17,VC,4.3,-7,2024-04-10,11.21,10.047,9598126.86,99215859.47391
UNI,2024-04-17,VC,4.3,-6,2024-04-11,10.047,9.139,19189507.5,177679819.36593
UNI,2024-04-17,VC,4.3,-5,2024-04-12,9.143,7.922,13220041.99,110332752.39723
UNI,2024-04-17,VC,4.3,-4,2024-04-13,7.92,6.91,15232169.21,105578774.96973
UNI,2024-04-17,VC,4.3,-3,2024-04-14,6.911,7.523,10681562.55,75740804.71003
UNI,2024-04-17,VC,4.3,-2,2024-04-15,7.523,7.247,6368389.32,47966554.47868
UNI,2024-04-17,VC,4.3,-1,2024-04-16,7.25,7.189,5612964.55,39770825.35747
UNI,2024-04-17,VC,4.3,0,2024-04-17,7.182,6.889,2433417.76,16922060.55042
UNI,2024-04-17,VC,4.3,1,2024-04-18,6.891,7.296,2702074.52,19012055.37569
UNI,2024-04-17,VC,4.3,2,2024-04-19,7.293,7.491,3764350.17,27773754.60895
UNI,2024-04-17,VC,4.3,3,2024-04-20,7.489,7.873,2374609.58,18178607.34093
UNI,2024-04-17,VC,4.3,4,2024-04-21,7.872,7.731,1276363.7,9914264.73496
UNI,2024-04-17,VC,4.3,5,2024-04-22,7.73,8.2,2333601.6,18699727.96074
UNI,2024-04-17,VC,4.3,6,2024-04-23,8.2,7.948,2111713.69,17073031.39122
UNI,2024-04-17,VC,4.3,7,2024-04-24,7.947,7.72,2089035.27,16507950.19638
RNDR,2024-04-01,VC,0.9313,-7,2024-03-25,10.927,11.041,7719231.21,85496379.76394
RNDR,2024-04-01,VC,0.9313,-6,2024-03-26,11.043,11.111,8120405.49,91671546.32364
RNDR,2024-04-01,VC,0.9313,-5,2024-03-27,11.109,11.227,13944549.97,157510830.3111
RNDR,2024-04-01,VC,0.9313,-4,2024-03-28,11.227,11.174,8197293.41,92735013.31562
RNDR,2024-04-01,VC,0.9313,-3,2024-03-29,11.172,10.951,6316865.2,69382875.57125
RNDR,2024-04-01,VC,0.9313,-2,2024-03-30,10.95,10.672,5018058.7,54752195.485
RNDR,2024-04-01,VC,0.9313,-1,2024-03-31,10.673,10.654,4622972.08,49235715.02486
RNDR,2024-04-01,VC,0.9313,0,2024-04-01,10.653,10.076,7636261.33,77197477.44763
RNDR,2024-04-01,VC,0.9313,1,2024-04-02,10.076,9.443,9599021.15,90786024.1615
RNDR,2024-04-01,VC,0.9313,2,2024-04-03,9.442,9.356,7421152.06,70856815.48003
RNDR,2024-04-01,VC,0.9313,3,2024-04-04,9.355,9.607,5909698.45,56765772.45765
RNDR,2024-04-01,VC,0.9313,4,2024-04-05,9.608,9.227,6091706.3,55804248.65225
RNDR,2024-04-01,VC,0.9313,5,2024-04-06,9.229,9.541,3191566.4,30253929.14869
RNDR,2024-04-01,VC,0.9313,6,2024-04-07,9.542,9.764,3070347.0,29756255.28697
RNDR,2024-04-01,VC,0.9313,7,2024-04-08,9.763,10.31,4746292.7,47554375.95708
AXS,2024-01-22,VC,2.2222,-7,2024-01-15,7.79,7.86,950779.42,7513796.0453
AXS,2024-01-22,VC,2.2222,-6,2024-01-16,7.87,8.31,1482608.4,12036602.7484
AXS,2024-01-22,VC,2.2222,-5,2024-01-17,8.31,8.08,1125947.93,9149098.1296
AXS,2024-01-22,VC,2.2222,-4,2024-01-18,8.08,7.59,964067.22,7497799.5555
AXS,2024-01-22,VC,2.2222,-3,2024-01-19,7.59,7.59,2124148.58,16080282.6293
AXS,2024-01-22,VC,2.2222,-2,2024-01-20,7.58,7.8,1050187.2,8125913.2722
AXS,2024-01-22,VC,2.2222,-1,2024-01-21,7.79,7.79,767343.93,6022244.2208
AXS,2024-01-22,VC,2.2222,0,2024-01-22,7.79,7.26,1193689.24,8955920.8365
AXS,2024-01-22,VC,2.2222,1,2024-01-23,7.27,7.07,1652599.56,11513029.4418
AXS,2024-01-22,VC,2.2222,2,2024-01-24,7.06,7.19,1001513.64,7188674.8987
AXS,2024-01-22,VC,2.2222,3,2024-01-25,7.19,7.11,888745.48,6273032.797
AXS,2024-01-22,VC,2.2222,4,2024-01-26,7.1,7.33,640301.1,4628054.6658
AXS,2024-01-22,VC,2.2222,5,2024-01-27,7.33,7.35,634373.0,4658721.1988
AXS,2024-01-22,VC,2.2222,6,2024-01-28,7.35,7.28,749508.95,5525920.139
AXS,2024-01-22,VC,2.2222,7,2024-01-29,7.29,7.49,743854.81,5462528.859
ARB,2023-09-16,VC,11.1,-7,2023-09-09,0.9017,0.8982,7808658.1,7024341.99356
ARB,2023-09-16,VC,11.1,-6,2023-09-10,0.8983,0.8442,51229327.9,43944777.83065
ARB,2023-09-16,VC,11.1,-5,2023-09-11,0.8442,0.7623,103453304.1,81425526.2048
ARB,2023-09-16,VC,11.1,-4,2023-09-12,0.7623,0.7833,69536133.2,54153301.82826
ARB,2023-09-16,VC,11.1,-3,2023-09-13,0.783,0.7856,52418920.0,41395021.53104
ARB,2023-09-16,VC,11.1,-2,2023-09-14,0.7856,0.8036,39326599.1,31680192.94806
ARB,2023-09-16,VC,11.1,-1,2023-09-15,0.8038,0.8078,30610271.2,24447284.52945
ARB,2023-09-16,VC,11.1,0,2023-09-16,0.8077,0.8278,31965136.3,26331396.11474
ARB,2023-09-16,VC,11.1,1,2023-09-17,0.8279,0.7946,22841991.5,18356795.16123
ARB,2023-09-16,VC,11.1,2,2023-09-18,0.7947,0.8237,38335436.7,31484029.74596
ARB,2023-09-16,VC,11.1,3,2023-09-19,0.8235,0.8641,29420361.9,24790108.71687
ARB,2023-09-16,VC,11.1,4,2023-09-20,0.8641,0.8605,31674042.8,26936286.05607
ARB,2023-09-16,VC,11.1,5,2023-09-21,0.8607,0.8222,32093760.5,26658249.44087
ARB,2023-09-16,VC,11.1,6,2023-09-22,0.8221,0.8404,19067882.5,15958231.17341
ARB,2023-09-16,VC,11.1,7,2023-09-23,0.8404,0.8207,15267679.3,12705871.61091
OP,2023-05-31,VC,0.5625,-7,2023-05-24,1.669,1.593,14175908.01,22621461.79044
OP,2023-05-31,VC,0.5625,-6,2023-05-25,1.594,1.617,9546915.73,15270668.51362
OP,2023-05-31,VC,0.5625,-5,2023-05-26,1.617,1.609,8031901.79,13064383.90765
OP,2023-05-31,VC,0.5625,-4,2023-05-27,1.609,1.6,4108379.21,6574216.56343
OP,2023-05-31,VC,0.5625,-3,2023-05-28,1.599,1.642,7617887.88,12383620.40668
OP,2023-05-31,VC,0.5625,-2,2023-05-29,1.642,1.524,14650896.21,23351131.93338
OP,2023-05-31,VC,0.5625,-1,2023-05-30,1.523,1.42,25096269.46,37160718.90958
OP,2023-05-31,VC,0.5625,0,2023-05-31,1.42,1.382,39871906.73,56815577.17167
OP,2023-05-31,VC,0.5625,1,2023-06-01,1.382,1.387,22819251.99,31938403.26223
OP,2023-05-31,VC,0.5625,2,2023-06-02,1.387,1.449,20664459.53,29551442.63673
OP,2023-05-31,VC,0.5625,3,2023-06-03,1.449,1.483,13835366.68,20385657.39759
OP,2023-05-31,VC,0.5625,4,2023-06-04,1.483,1.48,13501937.36,20243949.6894
OP,2023-05-31,VC,0.5625,5,2023-06-05,1.478,1.386,42811362.45,59824542.50035
OP,2023-05-31,VC,0.5625,6,2023-06-06,1.386,1.495,51536832.64,75188985.13606
OP,2023-05-31,VC,0.5625,7,2023-06-07,1.496,1.373,29342110.95,41702200.55615
OP,2023-06-30,VC,0.5625,-7,2023-06-23,1.356,1.387,30421986.08,42699717.46479
OP,2023-06-30,VC,0.5625,-6,2023-06-24,1.387,1.306,31066256.73,41230631.47672
OP,2023-06-30,VC,0.5625,-5,2023-06-25,1.307,1.332,23376314.36,31347538.35561
OP,2023-06-30,VC,0.5625,-4,2023-06-26,1.332,1.282,22449241.15,29606892.68418
OP,2023-06-30,VC,0.5625,-3,2023-06-27,1.282,1.31,18683303.73,24825611.82637
OP,2023-06-30,VC,0.5625,-2,2023-06-28,1.309,1.217,24829988.35,30883750.36306
OP,2023-06-30,VC,0.5625,-1,2023-06-29,1.217,1.221,14209715.78,17455824.60429
OP,2023-06-30,VC,0.5625,0,2023-06-30,1.221,1.334,49436947.51,64058097.76693
OP,2023-06-30,VC,0.5625,1,2023-07-01,1.334,1.347,14615772.97,19610488.07739
OP,2023-06-30,VC,0.5625,2,2023-07-02,1.347,1.333,15224113.42,20232957.86926
OP,2023-06-30,VC,0.5625,3,2023-07-03,1.333,1.355,18099834.69,24385025.76703
OP,2023-06-30,VC,0.5625,4,2023-07-04,1.355,1.283,15119886.45,20067517.40761
OP,2023-06-30,VC,0.5625,5,2023-07-05,1.283,1.234,19075728.1,23851882.20416
OP,2023-06-30,VC,0.5625,6,2023-07-06,1.234,1.185,16592574.8,20422841.91582
OP,2023-06-30,VC,0.5625,7,2023-07-07,1.185,1.227,10907555.26,13119404.24442
OP,2023-07-31,VC,0.5625,-7,2023-07-24,1.581,1.509,28803519.68,44251655.93704
OP,2023-07-31,VC,0.5625,-6,2023-07-25,1.508,1.451,17114401.42,25431295.49915
OP,2023-07-31,VC,0.5625,-5,2023-07-26,1.45,1.513,19018656.78,28088930.32886
OP,2023-07-31,VC,0.5625,-4,2023-07-27,1.512,1.497,15477102.09,23656730.86212
OP,2023-07-31,VC,0.5625,-3,2023-07-28,1.496,1.478,11968220.82,17759009.94523
OP,2023-07-31,VC,0.5625,-2,2023-07-29,1.477,1.509,7602523.77,11400347.80934
OP,2023-07-31,VC,0.5625,-1,2023-07-30,1.509,1.624,35588055.29,56195020.22547
OP,2023-07-31,VC,0.5625,0,2023-07-31,1.624,1.613,53074293.24,88568701.85198
OP,2023-07-31,VC,0.5625,1,2023-08-01,1.614,1.65,29367474.57,46823407.30371
OP,2023-07-31,VC,0.5625,2,2023-08-02,1.65,1.638,28986271.21,47560709.93
OP,2023-07-31,VC,0.5625,3,2023-08-03,1.637,1.714,42712964.73,72353653.38332
OP,2023-07-31,VC,0.5625,4,2023-08-04,1.714,1.687,23870342.53,40997754.11803
OP,2023-07-31,VC,0.5625,5,2023-08-05,1.687,1.69,14532439.13,24432831.37551
OP,2023-07-31,VC,0.5625,6,2023-08-06,1.691,1.702,10965037.93,18615547.72881
OP,2023-07-31,VC,0.5625,7,2023-08-07,1.701,1.798,30816087.82,53803447.33898
APE,2023-03-17,VC,1.5607,-7,2023-03-10,3.988,4.033,4370091.51,17308575.38944
APE,2023-03-17,VC,1.5607,-6,2023-03-11,4.035,3.775,4606935.85,17453796.30156
APE,2023-03-17,VC,1.5607,-5,2023-03-12,3.775,4.513,5229284.52,20936143.18374
APE,2023-03-17,VC,1.5607,-4,2023-03-13,4.513,4.463,7228760.18,32190277.9067
APE,2023-03-17,VC,1.5607,-3,2023-03-14,4.464,4.27,6655406.91,29543458.73102
APE,2023-03-17,VC,1.5607,-2,2023-03-15,4.269,4.096,6702815.55,28300418.14954
APE,2023-03-17,VC,1.5607,-1,2023-03-16,4.096,4.112,5711489.09,23773970.71144
APE,2023-03-17,VC,1.5607,0,2023-03-17,4.111,4.434,6457470.97,27530162.76288
APE,2023-03-17,VC,1.5607,1,2023-03-18,4.434,4.251,5788755.69,25743297.87642
APE,2023-03-17,VC,1.5607,2,2023-03-19,4.25,4.279,3166986.23,13728939.21657
APE,2023-03-17,VC,1.5607,3,2023-03-20,4.278,4.058,4676588.07,19515204.01023
APE,2023-03-17,VC,1.5607,4,2023-03-21,4.057,4.13,3479995.08,14205423.75064
APE,2023-03-17,VC,1.5607,5,2023-03-22,4.13,3.989,4976622.01,20010849.58481
APE,2023-03-17,VC,1.5607,6,2023-03-23,3.989,4.162,3621488.35,14785968.70638
APE,2023-03-17,VC,1.5607,7,2023-03-24,4.161,4.088,3573725.55,14601050.54697
APE,2023-06-17,VC,1.5607,-7,2023-06-10,2.813,2.286,18355133.05,42650353.428054
APE,2023-06-17,VC,1.5607,-6,2023-06-11,2.286,2.358,6041342.75,14030763.90736
APE,2023-06-17,VC,1.5607,-5,2023-06-12,2.357,2.252,7272427.6,16599337.6773
APE,2023-06-17,VC,1.5607,-4,2023-06-13,2.253,2.234,6135177.92,13827321.48555
APE,2023-06-17,VC,1.5607,-3,2023-06-14,2.234,2.063,15531828.19,33642544.75147
APE,2023-06-17,VC,1.5607,-2,2023-06-15,2.063,2.09,10274149.54,21610111.72887
APE,2023-06-17,VC,1.5607,-1,2023-06-16,2.09,2.098,5761744.46,11981274.14529
APE,2023-06-17,VC,1.5607,0,2023-06-17,2.098,2.109,5333369.81,11341575.00097
APE,2023-06-17,VC,1.5607,1,2023-06-18,2.108,2.047,4648776.76,9735473.7172
APE,2023-06-17,VC,1.5607,2,2023-06-19,2.048,2.064,9062762.67,18353059.08759
APE,2023-06-17,VC,1.5607,3,2023-06-20,2.064,2.153,7115086.32,14662802.96997
APE,2023-06-17,VC,1.5607,4,2023-06-21,2.154,2.225,7997942.87,17532789.57683
APE,2023-06-17,VC,1.5607,5,2023-06-22,2.225,2.181,10100315.44,23125315.58704
APE,2023-06-17,VC,1.5607,6,2023-06-23,2.182,2.274,9612543.16,21295389.16986
APE,2023-06-17,VC,1.5607,7,2023-06-24,2.274,2.184,8690651.48,19413078.68567
LDO,2023-05-25,VC,2.2965,-7,2023-05-18,2.359,2.133,14181982.04,31686037.22805
LDO,2023-05-25,VC,2.2965,-6,2023-05-19,2.133,2.175,12082204.77,26086425.43929
LDO,2023-05-25,VC,2.2965,-5,2023-05-20,2.176,2.149,5342975.38,11447988.89114
LDO,2023-05-25,VC,2.2965,-4,2023-05-21,2.148,2.069,5847622.13,12277432.61064
LDO,2023-05-25,VC,2.2965,-3,2023-05-22,2.069,2.027,7271166.19,14944920.64277
LDO,2023-05-25,VC,2.2965,-2,2023-05-23,2.026,2.04,6247683.61,12863984.43013
LDO,2023-05-25,VC,2.2965,-1,2023-05-24,2.04,2.052,11061863.47,22063396.45491
LDO,2023-05-25,VC,2.2965,0,2023-05-25,2.053,2.012,9823253.75,19985877.56703
LDO,2023-05-25,VC,2.2965,1,2023-05-26,2.011,1.99,7608590.71,15195304.52098
LDO,2023-05-25,VC,2.2965,2,2023-05-27,1.99,1.973,3342727.71,6605225.64292
LDO,2023-05-25,VC,2.2965,3,2023-05-28,1.973,2.097,7996629.25,16339698.50527
LDO,2023-05-25,VC,2.2965,4,2023-05-29,2.097,2.181,11125868.76,23596565.18598
LDO,2023-05-25,VC,2.2965,5,2023-05-30,2.181,2.156,10359434.74,22823342.98221
LDO,2023-05-25,VC,2.2965,6,2023-05-31,2.157,2.092,9448387.16,20094866.14634
LDO,2023-05-25,VC,2.2965,7,2023-06-01,2.092,2.082,3608765.05,7465821.63101
MAGIC,2023-02-25,VC,8.5714,-7,2023-02-18,2.0496,1.9585,18618581.7,36990871.84564
MAGIC,2023-02-25,VC,8.5714,-6,2023-02-19,1.9585,1.8182,26686848.3,51907412.02742
MAGIC,2023-02-25,VC,8.5714,-5,2023-02-20,1.8185,1.8055,17262800.2,31581355.88192
MAGIC,2023-02-25,VC,8.5714,-4,2023-02-21,1.8068,1.8624,33997899.7,65231430.83859
MAGIC,2023-02-25,VC,8.5714,-3,2023-02-22,1.8632,1.8189,26141966.3,46440886.27726
MAGIC,2023-02-25,VC,8.5714,-2,2023-02-23,1.8187,1.827,26398484.4,49644485.95385
MAGIC,2023-02-25,VC,8.5714,-1,2023-02-24,1.8268,1.6307,22017433.8,37755235.6308
MAGIC,2023-02-25,VC,8.5714,0,2023-02-25,1.6298,1.6056,16402290.1,25948436.66531
MAGIC,2023-02-25,VC,8.5714,1,2023-02-26,1.6058,1.6867,12363587.0,20393114.82952
MAGIC,2023-02-25,VC,8.5714,2,2023-02-27,1.688,1.6409,12236950.7,20183714.27618
MAGIC,2023-02-25,VC,8.5714,3,2023-02-28,1.6419,1.5147,13220893.7,20984176.09655
MAGIC,2023-02-25,VC,8.5714,4,2023-03-01,1.5157,1.6367,14214048.1,22904655.59804
MAGIC,2023-02-25,VC,8.5714,5,2023-03-02,1.6378,1.5712,10673171.0,16642976.94879
MAGIC,2023-02-25,VC,8.5714,6,2023-03-03,1.5708,1.3844,21638739.2,30370262.55113
MAGIC,2023-02-25,VC,8.5714,7,2023-03-04,1.3844,1.2308,19938234.0,25405839.7858
GMT,2023-03-09,OTC,10.0,-7,2023-03-02,0.3898,0.4232,133724183.5,55174990.40157
GMT,2023-03-09,OTC,10.0,-6,2023-03-03,0.4233,0.3964,68564310.7,27219491.80566
GMT,2023-03-09,OTC,10.0,-5,2023-03-04,0.3964,0.373,34542701.3,13091695.67639
GMT,2023-03-09,OTC,10.0,-4,2023-03-05,0.373,0.3685,27835242.6,10310238.51596
GMT,2023-03-09,OTC,10.0,-3,2023-03-06,0.3684,0.3723,38190292.7,13989625.57304
GMT,2023-03-09,OTC,10.0,-2,2023-03-07,0.3723,0.3574,38771243.4,13964317.55231
GMT,2023-03-09,OTC,10.0,-1,2023-03-08,0.3575,0.3291,37670806.6,12864506.5664
GMT,2023-03-09,OTC,10.0,0,2023-03-09,0.3291,0.3074,45497407.2,14797599.76483
GMT,2023-03-09,OTC,10.0,1,2023-03-10,0.3073,0.3087,56614447.3,16941708.96761
GMT,2023-03-09,OTC,10.0,2,2023-03-11,0.3085,0.3034,30480372.3,9182197.90093
GMT,2023-03-09,OTC,10.0,3,2023-03-12,0.3034,0.3422,45529305.5,14279495.95416
GMT,2023-03-09,OTC,10.0,4,2023-03-13,0.3423,0.3624,65541694.6,22941715.25382
GMT,2023-03-09,OTC,10.0,5,2023-03-14,0.3625,0.4086,99976132.1,39424911.17606
GMT,2023-03-09,OTC,10.0,6,2023-03-15,0.4085,0.3658,76148669.0,29497870.77132
GMT,2023-03-09,OTC,10.0,7,2023-03-16,0.3657,0.372,53123620.4,19500540.36502
